<metadata xml:lang="en"><Esri><CreaDate>20101122</CreaDate><CreaTime>09404800</CreaTime><ArcGISFormat>1.0</ArcGISFormat><SyncOnce>TRUE</SyncOnce><DataProperties><itemProps><itemLocation><linkage Sync="TRUE">file://\\WA201-OPHRYS\C$\Marine_Initiative\data\marine\TNC\Gulf\Cumulative_oil\deepwater</linkage><protocol Sync="TRUE">Local Area Network</protocol></itemLocation></itemProps><copyHistory><copy source="C:\Marine_Initiative\data\marine\TNC\Gulf\Deepwater\deepwater" dest="\\WA201-OPHRYS\C$\Marine_Initiative\data\marine\TNC\Gulf\Cumulative_oil\deepwater" date="20101122" time="09404800"/></copyHistory></DataProperties><ArcGISProfile>ItemDescription</ArcGISProfile></Esri><dataIdInfo><idPurp>The purpose of this dataset is to depict the cumulative surface oil from the Deepwater Horizon oil spill of 2010.</idPurp><idCitation><resTitle>Cumulative surface oil from Deepwater Horizon oil spill</resTitle></idCitation><searchKeys><keyword>Deepwater Horizon</keyword><keyword>oil spill</keyword><keyword>cumulative surface oil</keyword><keyword>threat</keyword></searchKeys><idAbs>&lt;DIV STYLE="text-align:Left;"&gt;&lt;DIV&gt;&lt;DIV&gt;&lt;P&gt;&lt;SPAN&gt;This dataset was derived from daily composite polygons of surface oil from the Deepwater Horizon oil spill. The polygons were digitized by NOAA's National Environmental Satellite, Data and Information Service (NESDIS). In order to get an estimated total surface area cover by oil, these digitized polygons were made into raster grids, with each day having a value of one. Raster grids were combined with the values representing the total number of days of observed, digitized surface oil. Not every day of the oil spill was captured by NESDIS. The first date the surface oil was captured as composite polygons was May 17, and the last was August 25, 2010. Therefore these data do not represent the full duration of the spill.&lt;/SPAN&gt;&lt;/P&gt;&lt;/DIV&gt;&lt;/DIV&gt;&lt;/DIV&gt;</idAbs><idCredit>NESDIS produced the composite, daily polygons and The Nature Conservancy (TNC) transformed the polygons into raster grids and combined them into the final cumulative surface oil data.  For more information regarding the digitized, composite polygons from NESDIS see http://www.ssd.noaa.gov/PS/MPS/deepwater.html.  For more information about TNC's Gulf Restoration Decision Support project go to http://coastalresilience.org/gulf-of-mexico. </idCredit></dataIdInfo></metadata>
